{
  "configVersion": 1,
  "timestamp": 1771950494402,
  "index": "/index.html",
  "assetGroups": [
    {
      "name": "app",
      "installMode": "prefetch",
      "updateMode": "prefetch",
      "cacheQueryOptions": {
        "ignoreVary": true
      },
      "urls": [
        "/chunk-2RICE5R5.js",
        "/chunk-35JUU3FT.js",
        "/chunk-4O7UCEJX.js",
        "/chunk-6P36QPQN.js",
        "/chunk-ASF4LTZT.js",
        "/chunk-CNCTSO54.js",
        "/chunk-DVJK4UK6.js",
        "/chunk-EI64VDVN.js",
        "/chunk-H47WUPCC.js",
        "/chunk-HRTGESAJ.js",
        "/chunk-IRHPGPWG.js",
        "/chunk-IYIJEOXB.js",
        "/chunk-JZW4RD7C.js",
        "/chunk-MTDJFBA7.js",
        "/chunk-MYTKOERR.js",
        "/chunk-P5GJ2CNE.js",
        "/chunk-QYAMG5RU.js",
        "/chunk-RUJQZICA.js",
        "/chunk-SPG2DMMT.js",
        "/chunk-SQFYRXBB.js",
        "/chunk-VSGO6MSF.js",
        "/chunk-WYQ4Z3GL.js",
        "/chunk-XPLVWGJM.js",
        "/favicon.ico",
        "/index.html",
        "/main-V2LMXGBM.js",
        "/manifest.webmanifest",
        "/styles-XVWUTNDB.css"
      ],
      "patterns": []
    },
    {
      "name": "assets",
      "installMode": "lazy",
      "updateMode": "prefetch",
      "cacheQueryOptions": {
        "ignoreVary": true
      },
      "urls": [
        "/Images/AgilityAsturias_logo.jpg",
        "/Images/Agility_Asturias_logo.jpg",
        "/Images/Perros/Ana y Pompa.jpeg",
        "/Images/Perros/Carysse.jpeg",
        "/Images/Perros/Cris y Peca.jpeg",
        "/Images/Perros/Diego Tuco y Ponga.jpeg",
        "/Images/Perros/Fitino y Fits.jpeg",
        "/Images/Perros/Golti.jpeg",
        "/Images/Perros/Helena y Pumba.jpeg",
        "/Images/Perros/Jesus y Ginebra.jpeg",
        "/Images/Perros/Kinder.jpeg",
        "/Images/Perros/Leah.jpeg",
        "/Images/Perros/Lyan y Boo.jpeg",
        "/Images/Perros/Lyan y Shaggy.jpeg",
        "/Images/Perros/Magda y Balto.jpeg",
        "/Images/Perros/Marina-Chris Dafne.jpeg",
        "/Images/Perros/Merle y Noly.jpeg",
        "/Images/Perros/Moka.jpeg",
        "/Images/Perros/Nala y Rosa.jpeg",
        "/Images/Perros/Narcea.jpeg",
        "/Images/Perros/Pompa.jpeg",
        "/Images/Perros/Pumba.jpeg",
        "/Images/Perros/Raylee.jpeg",
        "/Images/Perros/Sami H.jpeg",
        "/Images/Perros/Sami.jpeg",
        "/icons/icon-128x128.png",
        "/icons/icon-144x144.png",
        "/icons/icon-152x152.png",
        "/icons/icon-192x192.png",
        "/icons/icon-384x384.png",
        "/icons/icon-512x512.png",
        "/icons/icon-72x72.png",
        "/icons/icon-96x96.png"
      ],
      "patterns": []
    }
  ],
  "dataGroups": [],
  "hashTable": {
    "/Images/AgilityAsturias_logo.jpg": "42a5f723b10e6dfb5d5732859d451326cddead63",
    "/Images/Agility_Asturias_logo.jpg": "298f1a725aecc852d8dd6cdf02a852a5266e3295",
    "/Images/Perros/Ana y Pompa.jpeg": "d00636a28c01754c7f7b6d82d36e1788677e357a",
    "/Images/Perros/Carysse.jpeg": "d30bf328e7569d7c946c7da214bbc108ee4969f1",
    "/Images/Perros/Cris y Peca.jpeg": "bc99b0fd1e3af95e7e52c826035f9bfd5bb05ed6",
    "/Images/Perros/Diego Tuco y Ponga.jpeg": "76cf926c6fc5d52fdacd3bcea2f1c7c995358543",
    "/Images/Perros/Fitino y Fits.jpeg": "df478a26412469dc1d564cf3358b6085088071c5",
    "/Images/Perros/Golti.jpeg": "bbcba67740e07397a2d72ac6408e7dcb185541aa",
    "/Images/Perros/Helena y Pumba.jpeg": "bb90c713d517bfa00f3c0ac5e2f46a56ed5c9ff7",
    "/Images/Perros/Jesus y Ginebra.jpeg": "d315567cd5c1b13924de085e7be218172d3a0b3c",
    "/Images/Perros/Kinder.jpeg": "97976126273612f4cfaf00953611f0c16d1c6156",
    "/Images/Perros/Leah.jpeg": "e2e594e823b718378129d87da351df5ae2c13b09",
    "/Images/Perros/Lyan y Boo.jpeg": "7ab3da435ad5a541a2c78840ca7c9ab5293690fe",
    "/Images/Perros/Lyan y Shaggy.jpeg": "428717a7c665d2f02a79945f2c1caef13fa83dc2",
    "/Images/Perros/Magda y Balto.jpeg": "d85580f78d2a33d5d100180bff08c67e173a305d",
    "/Images/Perros/Marina-Chris Dafne.jpeg": "0d21523163149604f3d6bef4b34ef7b758013733",
    "/Images/Perros/Merle y Noly.jpeg": "f4eb686265b3945b592e3d12c3dbb4fd0d5c6c19",
    "/Images/Perros/Moka.jpeg": "7c07bf2e891d9f7a077b91de64efa544c8f7cd70",
    "/Images/Perros/Nala y Rosa.jpeg": "338c92265c0872d0b288a1fd1215042e7991da41",
    "/Images/Perros/Narcea.jpeg": "77c0a476daf7158a952e92ee2c344e5bbe5e7745",
    "/Images/Perros/Pompa.jpeg": "fd46259d8dd6a53404d68c7e18aa11308654ec3a",
    "/Images/Perros/Pumba.jpeg": "a9b17cfb9fb88a8d3797e49c4608ce8d0d7fca30",
    "/Images/Perros/Raylee.jpeg": "7b173b53be6dc8f790b10a06f0ebc457c397b951",
    "/Images/Perros/Sami H.jpeg": "7a65f2e59f09976a423e06a15527fe0830490ab2",
    "/Images/Perros/Sami.jpeg": "b6b274de4cbd92be13623083a3a649f06c3ec08e",
    "/chunk-2RICE5R5.js": "f16358fcbe56edfecf7817bd62628866af327084",
    "/chunk-35JUU3FT.js": "a9cabb04ac887617759daefa0f0d2002d5d04f49",
    "/chunk-4O7UCEJX.js": "0a5ec792435a99528a7a09f5594407f569df1b91",
    "/chunk-6P36QPQN.js": "d2a87d53906f9c5b00f50d8df3607a490fbcf5bd",
    "/chunk-ASF4LTZT.js": "82bf52bd0e9fc263080d52fcccc95fb2084ce822",
    "/chunk-CNCTSO54.js": "17f10a13c4625075ab37c65e4dd938b241857ca5",
    "/chunk-DVJK4UK6.js": "31f62dfa71794085e01336821119bc984331b9e7",
    "/chunk-EI64VDVN.js": "f75b0a8f644cc00ebfe2d293c6ed2e8847c72fff",
    "/chunk-H47WUPCC.js": "3f10951f0812421acbc3ff152d635e6d33518544",
    "/chunk-HRTGESAJ.js": "66392dbef57d440f4078acabdbf2ac6f18047395",
    "/chunk-IRHPGPWG.js": "e8554f262233b593e514a4ba922381e74bdfa225",
    "/chunk-IYIJEOXB.js": "96651977aa16f8914345f01e1e7db32f46983778",
    "/chunk-JZW4RD7C.js": "1e87513315e599755a5f69561b53fd3998085899",
    "/chunk-MTDJFBA7.js": "756054a5f91fd8f421db0b20cd9c22dac340674a",
    "/chunk-MYTKOERR.js": "e734e319897e858f0089f02b2efefbbf4e57a79c",
    "/chunk-P5GJ2CNE.js": "063d92c5594148be01c484d262710e1fa59f47cc",
    "/chunk-QYAMG5RU.js": "94684e2ca49b587edbd93493d8fd2735077d4370",
    "/chunk-RUJQZICA.js": "6d2dff86cb4e4282aca773c3a54678dab1efe56b",
    "/chunk-SPG2DMMT.js": "abe5206c72d512690af899c7c15d06f9d828d3ad",
    "/chunk-SQFYRXBB.js": "9fefe1a4d77e62624d5915d4c34fb85bd669b442",
    "/chunk-VSGO6MSF.js": "072d5b8a6e310074143e779d37e6e7fd3ab11dba",
    "/chunk-WYQ4Z3GL.js": "2176388e5a5c8656505a3edb188159daf2adc0a1",
    "/chunk-XPLVWGJM.js": "55f2cbf7ee52f25ff9bc3c4e7837d732fc5a50af",
    "/favicon.ico": "9c39f434fe1261f68c5e3eefdf734630d99c5670",
    "/icons/icon-128x128.png": "04542aa201bf5f7807b87838fb9dc12042374639",
    "/icons/icon-144x144.png": "4db9322b79f2ad8c282c2368474abebefd0e386f",
    "/icons/icon-152x152.png": "7d25f5dfc44462aac5c4bbe44a2aabd9b4038499",
    "/icons/icon-192x192.png": "90160d96ce447c1a45ffe31ac23c4f6c2ecc60b1",
    "/icons/icon-384x384.png": "f65b0d64f07f6df192a155a502a2ccb98f2f7182",
    "/icons/icon-512x512.png": "4e3d6e5dc44698ea6777f65dc3c049ece7be2a37",
    "/icons/icon-72x72.png": "b57fef98da3c5cff63ebd23ea61fba904b6656ca",
    "/icons/icon-96x96.png": "50a3c1c8c4383d3db4879cca4a016be9c4b46f39",
    "/index.html": "8ac632e854b89ef7f0bf35a3e4ce777d468845fa",
    "/main-V2LMXGBM.js": "dd159132f1efa0aa7573de3f4b0059b074aa8319",
    "/manifest.webmanifest": "b9156f204b6adcc95cf18506ee0d5e2ec591fe8b",
    "/styles-XVWUTNDB.css": "ba3be04136f93548d3c29c4252b0395577ae4198"
  },
  "navigationUrls": [
    {
      "positive": true,
      "regex": "^\\/.*$"
    },
    {
      "positive": false,
      "regex": "^\\/(?:.+\\/)?[^/]*\\.[^/]*$"
    },
    {
      "positive": false,
      "regex": "^\\/(?:.+\\/)?[^/]*__[^/]*$"
    },
    {
      "positive": false,
      "regex": "^\\/(?:.+\\/)?[^/]*__[^/]*\\/.*$"
    }
  ],
  "navigationRequestStrategy": "performance"
}