{
  "configVersion": 1,
  "timestamp": 1771958039662,
  "index": "/index.html",
  "assetGroups": [
    {
      "name": "app",
      "installMode": "prefetch",
      "updateMode": "prefetch",
      "cacheQueryOptions": {
        "ignoreVary": true
      },
      "urls": [
        "/chunk-37VHQXZU.js",
        "/chunk-3CYFRGIT.js",
        "/chunk-636A3V72.js",
        "/chunk-6FQ4EO2Y.js",
        "/chunk-ASF4LTZT.js",
        "/chunk-CNCTSO54.js",
        "/chunk-DVDLVKJW.js",
        "/chunk-DVJK4UK6.js",
        "/chunk-FPIT5CHR.js",
        "/chunk-GQOGDNMN.js",
        "/chunk-H6O6N7HE.js",
        "/chunk-MYXBRZBT.js",
        "/chunk-RJZUVJYA.js",
        "/chunk-RPL4CNPF.js",
        "/chunk-SPG2DMMT.js",
        "/chunk-SQFYRXBB.js",
        "/chunk-U7OARWYA.js",
        "/chunk-VACWSZBB.js",
        "/chunk-WKXI6CQU.js",
        "/chunk-X44RS3TP.js",
        "/chunk-XMPIV7FA.js",
        "/chunk-Y4IJUVSP.js",
        "/favicon.ico",
        "/index.html",
        "/main-EXBCCLVF.js",
        "/manifest.webmanifest",
        "/styles-XVWUTNDB.css"
      ],
      "patterns": []
    },
    {
      "name": "assets",
      "installMode": "lazy",
      "updateMode": "prefetch",
      "cacheQueryOptions": {
        "ignoreVary": true
      },
      "urls": [
        "/Images/AgilityAsturias_logo.jpg",
        "/Images/Agility_Asturias_logo.jpg",
        "/Images/Perros/Ana y Pompa.jpeg",
        "/Images/Perros/Carysse.jpeg",
        "/Images/Perros/Cris y Peca.jpeg",
        "/Images/Perros/Diego Tuco y Ponga.jpeg",
        "/Images/Perros/Fitino y Fits.jpeg",
        "/Images/Perros/Golti.jpeg",
        "/Images/Perros/Helena y Pumba.jpeg",
        "/Images/Perros/Jesus y Ginebra.jpeg",
        "/Images/Perros/Kinder.jpeg",
        "/Images/Perros/Leah.jpeg",
        "/Images/Perros/Lyan y Boo.jpeg",
        "/Images/Perros/Lyan y Shaggy.jpeg",
        "/Images/Perros/Magda y Balto.jpeg",
        "/Images/Perros/Marina-Chris Dafne.jpeg",
        "/Images/Perros/Merle y Noly.jpeg",
        "/Images/Perros/Moka.jpeg",
        "/Images/Perros/Nala y Rosa.jpeg",
        "/Images/Perros/Narcea.jpeg",
        "/Images/Perros/Pompa.jpeg",
        "/Images/Perros/Pumba.jpeg",
        "/Images/Perros/Raylee.jpeg",
        "/Images/Perros/Sami H.jpeg",
        "/Images/Perros/Sami.jpeg",
        "/Images/Perros/Tostada.jpeg",
        "/icons/icon-128x128.png",
        "/icons/icon-144x144.png",
        "/icons/icon-152x152.png",
        "/icons/icon-192x192.png",
        "/icons/icon-384x384.png",
        "/icons/icon-512x512.png",
        "/icons/icon-72x72.png",
        "/icons/icon-96x96.png"
      ],
      "patterns": []
    }
  ],
  "dataGroups": [],
  "hashTable": {
    "/Images/AgilityAsturias_logo.jpg": "42a5f723b10e6dfb5d5732859d451326cddead63",
    "/Images/Agility_Asturias_logo.jpg": "298f1a725aecc852d8dd6cdf02a852a5266e3295",
    "/Images/Perros/Ana y Pompa.jpeg": "d00636a28c01754c7f7b6d82d36e1788677e357a",
    "/Images/Perros/Carysse.jpeg": "d30bf328e7569d7c946c7da214bbc108ee4969f1",
    "/Images/Perros/Cris y Peca.jpeg": "bc99b0fd1e3af95e7e52c826035f9bfd5bb05ed6",
    "/Images/Perros/Diego Tuco y Ponga.jpeg": "76cf926c6fc5d52fdacd3bcea2f1c7c995358543",
    "/Images/Perros/Fitino y Fits.jpeg": "df478a26412469dc1d564cf3358b6085088071c5",
    "/Images/Perros/Golti.jpeg": "bbcba67740e07397a2d72ac6408e7dcb185541aa",
    "/Images/Perros/Helena y Pumba.jpeg": "bb90c713d517bfa00f3c0ac5e2f46a56ed5c9ff7",
    "/Images/Perros/Jesus y Ginebra.jpeg": "d315567cd5c1b13924de085e7be218172d3a0b3c",
    "/Images/Perros/Kinder.jpeg": "97976126273612f4cfaf00953611f0c16d1c6156",
    "/Images/Perros/Leah.jpeg": "e2e594e823b718378129d87da351df5ae2c13b09",
    "/Images/Perros/Lyan y Boo.jpeg": "7ab3da435ad5a541a2c78840ca7c9ab5293690fe",
    "/Images/Perros/Lyan y Shaggy.jpeg": "428717a7c665d2f02a79945f2c1caef13fa83dc2",
    "/Images/Perros/Magda y Balto.jpeg": "d85580f78d2a33d5d100180bff08c67e173a305d",
    "/Images/Perros/Marina-Chris Dafne.jpeg": "0d21523163149604f3d6bef4b34ef7b758013733",
    "/Images/Perros/Merle y Noly.jpeg": "f4eb686265b3945b592e3d12c3dbb4fd0d5c6c19",
    "/Images/Perros/Moka.jpeg": "7c07bf2e891d9f7a077b91de64efa544c8f7cd70",
    "/Images/Perros/Nala y Rosa.jpeg": "338c92265c0872d0b288a1fd1215042e7991da41",
    "/Images/Perros/Narcea.jpeg": "77c0a476daf7158a952e92ee2c344e5bbe5e7745",
    "/Images/Perros/Pompa.jpeg": "fd46259d8dd6a53404d68c7e18aa11308654ec3a",
    "/Images/Perros/Pumba.jpeg": "a9b17cfb9fb88a8d3797e49c4608ce8d0d7fca30",
    "/Images/Perros/Raylee.jpeg": "7b173b53be6dc8f790b10a06f0ebc457c397b951",
    "/Images/Perros/Sami H.jpeg": "7a65f2e59f09976a423e06a15527fe0830490ab2",
    "/Images/Perros/Sami.jpeg": "b6b274de4cbd92be13623083a3a649f06c3ec08e",
    "/Images/Perros/Tostada.jpeg": "f77979a3ee60e7bc388a385ebb52bffd445523bf",
    "/chunk-37VHQXZU.js": "7010449da5a713ca3b754935d98e0d28b941fafd",
    "/chunk-3CYFRGIT.js": "1b6d3b752c6a511d6c5f12f23997537d9d3952d0",
    "/chunk-636A3V72.js": "16a311d92e5e56514c77d7d9acb95d11023c25e6",
    "/chunk-6FQ4EO2Y.js": "3a8d7ff93edceb8c326281d4c4cbb2a8b11bd5f5",
    "/chunk-ASF4LTZT.js": "82bf52bd0e9fc263080d52fcccc95fb2084ce822",
    "/chunk-CNCTSO54.js": "17f10a13c4625075ab37c65e4dd938b241857ca5",
    "/chunk-DVDLVKJW.js": "dc41059b4b5bab0f2342026a50caa38e999d778e",
    "/chunk-DVJK4UK6.js": "31f62dfa71794085e01336821119bc984331b9e7",
    "/chunk-FPIT5CHR.js": "91e03bcb4a875e017dcdffcc9523997028e60a0f",
    "/chunk-GQOGDNMN.js": "97482c03eafcd3fa45fdb85ca5d76655dbdb1317",
    "/chunk-H6O6N7HE.js": "338819d60636954bb49192c94c32e3de5c3eaf07",
    "/chunk-MYXBRZBT.js": "caddff68297f13f9990ebe595cc37b574eea2c6f",
    "/chunk-RJZUVJYA.js": "47fd8de35bd8fdf2ea0f86ce14e5ce2e7aae0149",
    "/chunk-RPL4CNPF.js": "f9437b36c3b6299af59cb3f4347db56abe7e7186",
    "/chunk-SPG2DMMT.js": "abe5206c72d512690af899c7c15d06f9d828d3ad",
    "/chunk-SQFYRXBB.js": "9fefe1a4d77e62624d5915d4c34fb85bd669b442",
    "/chunk-U7OARWYA.js": "99074d7478c7a32ae1c201a22da0082a3a243714",
    "/chunk-VACWSZBB.js": "ca1d1742a5f2fcad0e0e259e8f68e22464e454aa",
    "/chunk-WKXI6CQU.js": "67c9ae2440b8280a96439024465986ade4830d58",
    "/chunk-X44RS3TP.js": "0f8697f8f95c954967569be87d8d2381b9a0f709",
    "/chunk-XMPIV7FA.js": "3907cdb029b88163919cb5674aa40237c4236f10",
    "/chunk-Y4IJUVSP.js": "af13e1b776015e2859b07265dc886a1af353b483",
    "/favicon.ico": "9c39f434fe1261f68c5e3eefdf734630d99c5670",
    "/icons/icon-128x128.png": "04542aa201bf5f7807b87838fb9dc12042374639",
    "/icons/icon-144x144.png": "4db9322b79f2ad8c282c2368474abebefd0e386f",
    "/icons/icon-152x152.png": "7d25f5dfc44462aac5c4bbe44a2aabd9b4038499",
    "/icons/icon-192x192.png": "90160d96ce447c1a45ffe31ac23c4f6c2ecc60b1",
    "/icons/icon-384x384.png": "f65b0d64f07f6df192a155a502a2ccb98f2f7182",
    "/icons/icon-512x512.png": "4e3d6e5dc44698ea6777f65dc3c049ece7be2a37",
    "/icons/icon-72x72.png": "b57fef98da3c5cff63ebd23ea61fba904b6656ca",
    "/icons/icon-96x96.png": "50a3c1c8c4383d3db4879cca4a016be9c4b46f39",
    "/index.html": "4d5691d82eba29e833df58dba0f9c1dc6664f6b3",
    "/main-EXBCCLVF.js": "893e8d703da2e7e70bdff8914332e02e9be8b0d7",
    "/manifest.webmanifest": "b9156f204b6adcc95cf18506ee0d5e2ec591fe8b",
    "/styles-XVWUTNDB.css": "ba3be04136f93548d3c29c4252b0395577ae4198"
  },
  "navigationUrls": [
    {
      "positive": true,
      "regex": "^\\/.*$"
    },
    {
      "positive": false,
      "regex": "^\\/(?:.+\\/)?[^/]*\\.[^/]*$"
    },
    {
      "positive": false,
      "regex": "^\\/(?:.+\\/)?[^/]*__[^/]*$"
    },
    {
      "positive": false,
      "regex": "^\\/(?:.+\\/)?[^/]*__[^/]*\\/.*$"
    }
  ],
  "navigationRequestStrategy": "performance"
}