{
  "configVersion": 1,
  "timestamp": 1771796055833,
  "index": "/index.html",
  "assetGroups": [
    {
      "name": "app",
      "installMode": "prefetch",
      "updateMode": "prefetch",
      "cacheQueryOptions": {
        "ignoreVary": true
      },
      "urls": [
        "/chunk-26CPPEHR.js",
        "/chunk-2UKPFDFN.js",
        "/chunk-3FX553VZ.js",
        "/chunk-4N2SA3KE.js",
        "/chunk-5IX6VKFG.js",
        "/chunk-6LLBQ7PO.js",
        "/chunk-75OGG6H7.js",
        "/chunk-7DZKRXMC.js",
        "/chunk-AIQD6MIV.js",
        "/chunk-DDC7YTQ3.js",
        "/chunk-EZCYVLCX.js",
        "/chunk-F3IMFYOQ.js",
        "/chunk-FNOV33IT.js",
        "/chunk-FRQHPZYJ.js",
        "/chunk-JYGBHQQR.js",
        "/chunk-KCC4JDM2.js",
        "/chunk-SQFYRXBB.js",
        "/chunk-UPS7OBSK.js",
        "/chunk-VBFSHV67.js",
        "/chunk-WFE6HU5F.js",
        "/chunk-XSR2TP6X.js",
        "/chunk-XWCCRZ55.js",
        "/chunk-ZLG2GJNS.js",
        "/favicon.ico",
        "/index.html",
        "/main-QQ3VUMHK.js",
        "/manifest.webmanifest",
        "/styles-XVWUTNDB.css"
      ],
      "patterns": []
    },
    {
      "name": "assets",
      "installMode": "lazy",
      "updateMode": "prefetch",
      "cacheQueryOptions": {
        "ignoreVary": true
      },
      "urls": [
        "/Images/AgilityAsturias_logo.jpg",
        "/Images/Agility_Asturias_logo.jpg",
        "/Images/Perros/Ana y Pompa.jpeg",
        "/Images/Perros/Carysse.jpeg",
        "/Images/Perros/Cris y Peca.jpeg",
        "/Images/Perros/Diego Tuco y Ponga.jpeg",
        "/Images/Perros/Fitino y Fits.jpeg",
        "/Images/Perros/Golti.jpeg",
        "/Images/Perros/Helena y Pumba.jpeg",
        "/Images/Perros/Jesus y Ginebra.jpeg",
        "/Images/Perros/Kinder.jpeg",
        "/Images/Perros/Leah.jpeg",
        "/Images/Perros/Lyan y Boo.jpeg",
        "/Images/Perros/Lyan y Shaggy.jpeg",
        "/Images/Perros/Magda y Balto.jpeg",
        "/Images/Perros/Marina-Chris Dafne.jpeg",
        "/Images/Perros/Merle y Noly.jpeg",
        "/Images/Perros/Moka.jpeg",
        "/Images/Perros/Nala y Rosa.jpeg",
        "/Images/Perros/Narcea.jpeg",
        "/Images/Perros/Pompa.jpeg",
        "/Images/Perros/Pumba.jpeg",
        "/Images/Perros/Raylee.jpeg",
        "/Images/Perros/Sami H.jpeg",
        "/Images/Perros/Sami.jpeg",
        "/icons/icon-128x128.png",
        "/icons/icon-144x144.png",
        "/icons/icon-152x152.png",
        "/icons/icon-192x192.png",
        "/icons/icon-384x384.png",
        "/icons/icon-512x512.png",
        "/icons/icon-72x72.png",
        "/icons/icon-96x96.png"
      ],
      "patterns": []
    }
  ],
  "dataGroups": [],
  "hashTable": {
    "/Images/AgilityAsturias_logo.jpg": "42a5f723b10e6dfb5d5732859d451326cddead63",
    "/Images/Agility_Asturias_logo.jpg": "298f1a725aecc852d8dd6cdf02a852a5266e3295",
    "/Images/Perros/Ana y Pompa.jpeg": "d00636a28c01754c7f7b6d82d36e1788677e357a",
    "/Images/Perros/Carysse.jpeg": "d30bf328e7569d7c946c7da214bbc108ee4969f1",
    "/Images/Perros/Cris y Peca.jpeg": "bc99b0fd1e3af95e7e52c826035f9bfd5bb05ed6",
    "/Images/Perros/Diego Tuco y Ponga.jpeg": "76cf926c6fc5d52fdacd3bcea2f1c7c995358543",
    "/Images/Perros/Fitino y Fits.jpeg": "df478a26412469dc1d564cf3358b6085088071c5",
    "/Images/Perros/Golti.jpeg": "bbcba67740e07397a2d72ac6408e7dcb185541aa",
    "/Images/Perros/Helena y Pumba.jpeg": "bb90c713d517bfa00f3c0ac5e2f46a56ed5c9ff7",
    "/Images/Perros/Jesus y Ginebra.jpeg": "d315567cd5c1b13924de085e7be218172d3a0b3c",
    "/Images/Perros/Kinder.jpeg": "97976126273612f4cfaf00953611f0c16d1c6156",
    "/Images/Perros/Leah.jpeg": "e2e594e823b718378129d87da351df5ae2c13b09",
    "/Images/Perros/Lyan y Boo.jpeg": "7ab3da435ad5a541a2c78840ca7c9ab5293690fe",
    "/Images/Perros/Lyan y Shaggy.jpeg": "428717a7c665d2f02a79945f2c1caef13fa83dc2",
    "/Images/Perros/Magda y Balto.jpeg": "d85580f78d2a33d5d100180bff08c67e173a305d",
    "/Images/Perros/Marina-Chris Dafne.jpeg": "0d21523163149604f3d6bef4b34ef7b758013733",
    "/Images/Perros/Merle y Noly.jpeg": "f4eb686265b3945b592e3d12c3dbb4fd0d5c6c19",
    "/Images/Perros/Moka.jpeg": "7c07bf2e891d9f7a077b91de64efa544c8f7cd70",
    "/Images/Perros/Nala y Rosa.jpeg": "338c92265c0872d0b288a1fd1215042e7991da41",
    "/Images/Perros/Narcea.jpeg": "77c0a476daf7158a952e92ee2c344e5bbe5e7745",
    "/Images/Perros/Pompa.jpeg": "fd46259d8dd6a53404d68c7e18aa11308654ec3a",
    "/Images/Perros/Pumba.jpeg": "a9b17cfb9fb88a8d3797e49c4608ce8d0d7fca30",
    "/Images/Perros/Raylee.jpeg": "7b173b53be6dc8f790b10a06f0ebc457c397b951",
    "/Images/Perros/Sami H.jpeg": "7a65f2e59f09976a423e06a15527fe0830490ab2",
    "/Images/Perros/Sami.jpeg": "b6b274de4cbd92be13623083a3a649f06c3ec08e",
    "/chunk-26CPPEHR.js": "5de246ffaf0e3482cc4aac50509359575314737d",
    "/chunk-2UKPFDFN.js": "9e63d2b67fcd7184fd128a843f16778b430421e9",
    "/chunk-3FX553VZ.js": "950361b6f0dc2f2604f9f0e2d5769fd766deedf6",
    "/chunk-4N2SA3KE.js": "83da255406e2e78bfbf8592f16690f52e6749995",
    "/chunk-5IX6VKFG.js": "d840cd5b2a67c84e8a23b51182aedcca54f1d73a",
    "/chunk-6LLBQ7PO.js": "f1099439d2ced2a4d9ba1a2b205694b6cf1d801e",
    "/chunk-75OGG6H7.js": "00bb1efcdbeff0e6fc2f2c8a9b7b47eb5006ab47",
    "/chunk-7DZKRXMC.js": "a60cc30fb7d50b11d4f5b63acf5a94739bc40324",
    "/chunk-AIQD6MIV.js": "d0eb52953753c9010153a72fa8467f45df69c472",
    "/chunk-DDC7YTQ3.js": "d8f322da856dd3194b7dcbf2ce6ede9f7dd2654b",
    "/chunk-EZCYVLCX.js": "374f39f497fb6027d42f7647877092da1ee016e8",
    "/chunk-F3IMFYOQ.js": "e81e203649e571d3c860dfa2eacf283e1714b373",
    "/chunk-FNOV33IT.js": "73e1732bfd20c67a56c258d2737d12987495902e",
    "/chunk-FRQHPZYJ.js": "f24ad577f9e5a7d85c58a51d5da7b88162a8942b",
    "/chunk-JYGBHQQR.js": "03ca1079178d14a20f949dfc15511e383c4fc147",
    "/chunk-KCC4JDM2.js": "3f552ea241b0364962eac5bc73734b6cc2a654ac",
    "/chunk-SQFYRXBB.js": "9fefe1a4d77e62624d5915d4c34fb85bd669b442",
    "/chunk-UPS7OBSK.js": "b12b05b3800599be9fe210f1525a90b61c770c38",
    "/chunk-VBFSHV67.js": "fd9885b3cce820ffdb09fa873f7cdf13c51545cb",
    "/chunk-WFE6HU5F.js": "9ebd18b64ba6d6342bd8f09f757caaf29badccf6",
    "/chunk-XSR2TP6X.js": "2a85bc0ad05e56b3aa99dd74776097fd0c995495",
    "/chunk-XWCCRZ55.js": "c170bcb520951eadf98f6b5f0a19c90561987427",
    "/chunk-ZLG2GJNS.js": "12a09183de5137940c637ff835d62d3c3dfd58bd",
    "/favicon.ico": "9c39f434fe1261f68c5e3eefdf734630d99c5670",
    "/icons/icon-128x128.png": "04542aa201bf5f7807b87838fb9dc12042374639",
    "/icons/icon-144x144.png": "4db9322b79f2ad8c282c2368474abebefd0e386f",
    "/icons/icon-152x152.png": "7d25f5dfc44462aac5c4bbe44a2aabd9b4038499",
    "/icons/icon-192x192.png": "90160d96ce447c1a45ffe31ac23c4f6c2ecc60b1",
    "/icons/icon-384x384.png": "f65b0d64f07f6df192a155a502a2ccb98f2f7182",
    "/icons/icon-512x512.png": "4e3d6e5dc44698ea6777f65dc3c049ece7be2a37",
    "/icons/icon-72x72.png": "b57fef98da3c5cff63ebd23ea61fba904b6656ca",
    "/icons/icon-96x96.png": "50a3c1c8c4383d3db4879cca4a016be9c4b46f39",
    "/index.html": "7e43c9d61913e1754e54d8d1c3e3c299fa03ca94",
    "/main-QQ3VUMHK.js": "f3be09ac3e9c1aa060942be5e9c8aa66b7f5cad2",
    "/manifest.webmanifest": "b9156f204b6adcc95cf18506ee0d5e2ec591fe8b",
    "/styles-XVWUTNDB.css": "ba3be04136f93548d3c29c4252b0395577ae4198"
  },
  "navigationUrls": [
    {
      "positive": true,
      "regex": "^\\/.*$"
    },
    {
      "positive": false,
      "regex": "^\\/(?:.+\\/)?[^/]*\\.[^/]*$"
    },
    {
      "positive": false,
      "regex": "^\\/(?:.+\\/)?[^/]*__[^/]*$"
    },
    {
      "positive": false,
      "regex": "^\\/(?:.+\\/)?[^/]*__[^/]*\\/.*$"
    }
  ],
  "navigationRequestStrategy": "performance"
}